,Viral,danceability,energy,loudness,acousticness,instrumentalness,liveness,valence,tempo,duration_ms
64,1.0,0.5638309987472953,0.5989413680781759,0.8248151142249768,0.3718494480918495,5.0714285714285716e-05,0.1083617747440273,0.13996806812134113,0.22348899154581606,0.24160002681734039
55,1.0,0.7289602550962305,0.8198289902280129,0.8803856402886314,0.05757316396116361,4.969387755102041e-06,0.15742320819112626,0.35178286322511976,0.5183431343533258,0.19165645497107825
119,0.0,0.7494590593326501,0.43403908794788276,0.7653821970717687,0.6643163450602844,0.0,0.06751279863481228,0.4699308142629058,0.466974637448046,0.3464260306984055
103,1.0,0.7152943856052841,0.6050488599348534,0.838258630497919,0.21908323386778727,0.0,0.16168941979522183,0.7807344332091538,0.2806351575669451,0.2968828566426925
160,0.0,0.40325703222867554,0.4432003257328991,0.7603221653342915,0.1215942682116423,1.9285714285714285e-06,0.06793941979522185,0.34220329962746143,0.5743183251193494,0.5637209804717617
133,0.0,0.4761416695137228,0.879885993485342,0.8729303272553071,0.002446671525704322,0.6989795918367347,0.29714163822525597,0.4518360830228845,0.5267136772483368,0.31898853931161375
173,0.0,0.6093838970504498,0.627442996742671,0.7924189346986437,0.06149282340507047,3.673469387755102e-05,0.08276450511945393,0.22405534858967535,0.44756347071918473,0.5101868647176916
63,0.0,0.5205557453592985,0.9379071661237786,0.9175424413904608,0.006265826881305878,0.0,0.14782423208191126,0.5816923895689197,0.5248028000463243,0.34081487468480315
101,0.0,0.4636146224803553,0.927728013029316,0.9119434713614181,0.01023573836936539,2e-06,0.24274744027303755,0.49441192123469935,0.653558606668125,0.3125747254016083
180,0.0,0.6799908894203395,0.5378664495114006,0.703793526752298,0.7678355560147476,0.0,0.8101535836177475,0.484832357637041,0.5243459910182338,0.38560914471307306
56,1.0,0.7335155449265459,0.803542345276873,0.8716428635587892,0.12762451350996057,0.0,0.3526023890784983,0.5923363491218734,0.5376513582026174,0.3306093868140627
8,1.0,0.3485935542648901,0.6579804560260586,0.8761340159885026,0.08621682912817527,0.0,0.06399317406143346,0.1814795103778606,0.19384144222974278,0.243494001482403
43,0.0,0.5991344949322401,0.07522394136807818,0.16856792119524544,0.8964807890455369,0.8765306122448979,0.0498080204778157,0.4986695050558808,0.954795208008956,0.12714585281004756
146,1.0,0.3531488440952055,0.3342833876221499,0.7795143567172671,0.6944675715518756,0.0,0.09769624573378838,0.055774348057477385,0.32279026675073674,0.3635109113053713
129,0.0,0.6036897847625555,0.8574918566775244,0.7885266025928921,0.04913082054351807,0.3530612244897959,0.0693259385665529,0.8669505055880787,0.28322159741613373,0.37853234655453044
88,0.0,0.49550165129256346,0.759771986970684,0.8526303182730023,0.0016828404545840118,0.0,0.32913822525597275,0.5572112825971262,0.21087205486855487,0.2930148277544575
65,0.0,0.6116615419656076,0.025956840390879483,0.6204676786730142,0.9115564022913324,0.0,0.08916382252559728,0.5774348057477381,0.20136914029827702,0.35936353512140434
148,1.0,0.7847625555175949,0.45643322475570036,0.8602952184197131,0.0032306034144856943,0.0,0.06633959044368601,0.7051623203831825,0.3832048691982037,0.2428608142787439
61,0.0,0.32126181528299735,0.21213355048859936,0.5045959459864068,0.6924574897857695,1.0,0.05994027303754266,0.05247472059606173,0.24214095453785087,0.004182760174759668
63,1.0,0.8200660517025397,0.6712133550488599,0.8501152729123627,0.3788847342732208,2.36734693877551e-06,0.09662969283276449,0.3996806812134113,0.5759589772624915,0.3015386449048916
56,0.0,0.49891811866530006,0.827972312703583,0.8522111440462289,0.00028482858625723177,0.00012448979591836735,0.09343003412969285,0.6274614156466206,0.7305212770064212,0.3955166621350328
48,0.0,0.4670310898530919,0.6691775244299675,0.8114015389682326,0.00015819343499254862,0.0007326530612244898,0.2864761092150171,0.09739222990952634,0.3318428062228971,0.30403414741343027
84,0.0,0.46816991231067073,0.5063110749185669,0.5907362495883112,0.9095463205252263,0.0,0.8592150170648464,0.4582224587546567,0.20778376848146388,0.48287228614102196
81,1.0,0.724404965265915,0.551099348534202,0.731788376897512,0.23616892887968896,0.0,0.12329351535836175,0.8541777541245343,0.5893479855365256,0.26396643362894484
149,0.0,0.42717230383783167,0.5582247557003258,0.7319380819785024,0.006044717887034208,1.2653061224489797e-05,0.9818686006825939,0.1623203831825439,0.5506092931684532,0.6542797868021439
194,0.0,0.5490263067987701,0.507328990228013,0.7448426599598791,0.40602083811565287,1.6224489795918368e-05,0.15848976109215016,0.3102714209686003,0.32080218238904695,0.28588960939798796
73,0.0,0.1060243708005922,0.5602605863192183,0.7948441570106889,0.8864303802150064,0.002193877551020408,0.06356655290102388,0.30920702501330494,0.2025465494833555,0.11895166546857715
97,1.0,0.2984853661314201,0.2182410423452769,0.7552022515644181,0.7708506786639067,0.0035612244897959187,0.10622866894197952,0.2815327301756253,0.19699406791656487,0.49326214322694545
90,1.0,0.7426261245871769,0.8422231270358306,0.8173897422078505,0.06310088881795532,0.022346938775510205,0.25127986348122866,0.6923895689196382,0.33841828265541163,0.34024500620151
181,1.0,0.3759252932467828,0.4828990228013029,0.8016707087038535,0.07928204703510928,0.0,0.11369453924914676,0.18999467802022352,0.704335182015879,0.33911085618083825
21,1.0,0.675435599590024,0.6946254071661238,0.9011946465463038,0.10249849143363453,0.0,0.03679607508532423,0.4145822245875465,0.7693436104641438,0.2840533665073766
177,1.0,0.5319439699350872,0.6203175895765473,0.7770891344052218,0.2643100736051741,8.60204081632653e-05,0.09023037542662117,0.07152740819584885,0.3381737933164336,0.5962034840194723
16,0.0,0.4601981551076187,0.4432003257328991,0.7520285038474206,0.3577788757291069,0.0,0.1435580204778157,0.1804151144225652,0.23373824199297422,0.4224848500649948
105,0.0,0.2905136089283681,0.4381107491856678,0.5732806371448247,0.5567769705736091,0.9479591836734694,0.02954351535836177,0.03480574773815859,0.2159548595473087,0.30641977331898107
49,1.0,0.6731579546748663,0.6875,0.8277493338123896,0.37385952985795556,0.0,0.09769624573378838,0.746673762639702,0.5950613153526438,0.2898060584841498
38,0.0,0.32012299282541845,0.4167345276872964,0.5558250247013383,0.0966692543119269,0.939795918367347,0.061006825938566545,0.007025013304949443,0.2926473048267343,0.49561052282639867
154,0.0,0.3565653114679421,0.2905130293159609,0.6897511901553939,0.829143049880983,0.0,0.1883532423208191,0.5018626929217669,0.19276054199426101,0.1685637451905707
93,1.0,0.7483202368750712,0.7414495114006514,0.9016737028054732,0.3668242436765843,0.0013979591836734693,0.14142491467576793,0.5327301756253326,0.2738795310951836,0.20814353236517769
23,0.0,0.692517936453707,0.7628257328990228,0.8495463936045989,0.05596509854827875,0.0,0.3526023890784983,0.22086216072378922,0.2934322442834532,0.334039771605651
124,0.0,0.5718027559503474,0.4014657980456027,0.7256504685769036,0.778891005728331,0.0003775510204081633,0.1787542662116041,0.22511974454497072,0.4477178850385393,0.4479110409225165
32,0.0,0.9521694567816879,0.39128664495114013,0.6779544297733465,0.010336242457670694,0.00019897959183673468,0.09449658703071674,0.3656200106439596,0.6152059500984393,0.3042762484030646
159,0.0,0.5103063432410887,0.3780537459283388,0.627084643252792,0.8472337857759378,1.7040816326530613e-05,0.08703071672354949,0.49334752527940395,0.20839499182890894,0.2517999277421662
142,1.0,0.3918688076528869,0.45032573289902283,0.7242132997993952,0.32159740393919745,0.04510204081632654,0.0848976109215017,0.0068121341138903625,0.3897739117007451,0.5113117031618389
22,1.0,0.8451201457692746,0.7383957654723127,0.8532890206293602,0.15275053558628657,0.002591836734693878,0.06719283276450512,0.386907929749867,0.26736839396240014,0.2975458408912296
52,0.0,0.42375583646509507,0.01822068403908795,0.4936075930417078,0.9839193458711514,0.0005387755102040817,0.06377986348122867,0.17509313464608836,0.3585307477513416,0.2861130872345735
157,1.0,0.6435485707778158,0.5694218241042345,0.8262522830024852,0.10752369584889973,0.0019693877551020408,0.09343003412969285,0.20383182543906334,0.6789790639918675,0.2059366887288953
158,0.0,0.4294499487529894,1.0,0.9251175184885776,0.0,0.027551020408163266,0.47525597269624575,0.08036189462480042,0.5763578809208241,0.28983771784433277
18,0.0,0.6105227195080287,0.6498371335504886,0.809185903769574,0.3437083033663644,0.015612244897959184,0.3206058020477816,0.5369877594465141,0.24981019906579338,0.294182499450617
188,1.0,0.7699578635690696,0.7679153094462541,0.8835593880056289,0.011240779252418431,0.0,0.06953924914675769,0.749866950505588,0.40924298379936436,0.30731927161123795
83,0.0,0.8268989864480129,0.8768322475570033,0.8143357585556453,0.28843105479844705,0.0,0.27261092150170646,0.8871740287386908,0.5112207738730973,0.3508471672321897
66,1.0,0.7654025737387542,0.5256514657980456,0.8092457858019702,0.3286326901205687,0.0,0.2363481228668942,0.6444917509313465,0.22220863948116795,0.25179247848094666
40,0.0,0.7779296207721217,0.4472719869706841,0.8087367885266027,0.2753655233187576,2.040816326530612e-06,0.31207337883959047,0.5614688664183077,0.37939598265412483,0.474702308898515
166,1.0,0.5877462703564514,0.6162459283387622,0.7771490164376179,0.18290176207787778,0.0,0.06857935153583618,0.7307078233102714,0.628279695803791,0.38747704696386737
102,1.0,0.9111718483088487,0.5215798045602605,0.774514207012186,0.435167023724191,2.1122448979591836e-05,0.09023037542662117,0.30494944119212347,0.3833528495875851,0.3179530920021007
112,0.0,0.7870402004327526,0.7302524429967426,0.8042755771130873,0.024205806643802657,0.0,0.02623720136518771,0.9010111761575307,0.21607710421679774,0.35491818848865664
196,0.0,0.3394829746042592,0.6498371335504886,0.8399652684212102,0.4311468601919789,0.0,0.6053754266211604,0.47205960617349657,0.7819734150013512,0.3824562449019119
126,0.0,0.6594920851839199,0.23961726384364823,0.7255007634959131,0.7608002698333763,0.9377551020408164,0.09023037542662117,0.5486961149547632,0.8893557062524932,0.10496381521362619
17,1.0,0.42717230383783167,0.5358306188925082,0.760142519237103,0.6984877350840877,1.6836734693877553e-05,0.0703924914675768,0.10484300159659393,0.46537902281471577,0.39169332881411484
35,0.0,0.574080400865505,0.26811889250814336,0.6098086769064942,0.011140275164113127,0.8020408163265307,0.10089590443686006,0.08355508249068654,0.48392804292718083,0.3134015933969749
27,0.0,0.7004896936567591,0.9144951140065147,0.8346357675379502,0.0026175284758233395,0.09428571428571428,0.31420648464163825,0.9957424161788185,0.5442461364250512,0.2883720756993925
30,1.0,0.7266826101810728,0.8320439739413681,0.8286775053145303,0.0025371252051790963,0.0,0.044261945392491474,0.717935071846727,0.5253110805141997,0.212579567421401
116,1.0,0.608245074592871,0.3617671009771987,0.7904727686457679,0.580897951766882,0.0,0.11156143344709897,0.10377860564129857,0.5889876854580315,0.3550708983436568
152,1.0,0.5866074478988725,0.43302117263843654,0.7532860265277405,0.7246187980434667,1.336734693877551e-05,0.08169795221843004,0.10590739755188931,0.6011671148971215,0.3873243371088672
104,1.0,0.4203393690923585,0.6101384364820847,0.7989460762298273,0.5959735650126775,1.0918367346938775e-05,0.3334044368600683,0.1484832357637041,0.8405993849162947,0.33796180763772754
150,0.0,0.382758227992256,0.4778094462540717,0.6669061947962514,0.3316478127697279,0.0,0.09023037542662117,0.7551889302820649,0.8482814973041836,0.2411344479911205
164,0.0,0.4488099305318301,0.28542345276872966,0.5206143896523848,0.878390053150582,0.0002857142857142857,0.9968003412969283,0.3304949441192123,0.5580211804974715,0.14204437524908467
160,1.0,0.7938731351782258,0.4788273615635179,0.76050181143148,0.23516388799663593,0.0,0.25661262798634815,0.775412453432677,0.641070348590326,0.2557722462874744
118,1.0,0.7722355084842274,0.3342833876221499,0.6763376148986497,0.5849181152990941,1.4489795918367348e-05,0.08809726962457338,0.5753060138371474,0.23510866907724579,0.22437547256250862
130,0.0,0.6458262156929735,0.5124185667752443,0.7947842749782927,0.187926966493143,0.003428571428571429,0.09449658703071674,0.5572112825971262,0.6661240719056014,0.317020072034356
122,1.0,0.6799908894203395,0.7953990228013029,0.8496362166531932,0.08169414515443658,0.0,0.07956484641638226,0.9276210750399149,0.7695623640832294,0.2630296890305904
195,0.0,0.5513039517139279,0.16734527687296416,0.513698014910626,0.4813989043446309,0.0,0.08383105802047781,0.4124534326769558,0.43910928673452326,0.4716481117985124
114,1.0,0.7175720305204418,0.4879885993485342,0.8602952184197131,0.18692192561008997,0.0,0.09449658703071674,0.571048430015966,0.1900904610554219,0.23794616418916653
31,0.0,0.5786356906958205,0.29865635179153094,0.40165873229737425,0.7949716598571797,0.00012857142857142858,0.07849829351535836,0.738158594997339,0.5748652091670635,0.13774801384072735
138,1.0,0.7699578635690696,0.6915716612377849,0.7773885445672026,0.24822941947632546,0.0,0.07743174061433447,0.49441192123469935,0.25439759113661814,0.2750621082154177
76,0.0,0.5718027559503474,0.8574918566775244,0.9196981945567233,0.07606591620933956,0.0,0.05482081911262798,0.0739755188930282,0.7776047765496121,0.49138865403023657
128,1.0,0.6389932809475003,0.4493078175895766,0.7222970747627175,0.4623031275666232,0.0005346938775510205,0.2982081911262799,0.2017030335284726,0.3188591355371688,0.1740445391328315
110,0.0,0.7107390957749686,0.8615635179153094,0.8649360759304171,0.23918405152884809,3.5204081632653062e-06,0.4347269624573379,0.7967003725385844,0.274149756154054,0.336593005888641
100,0.0,0.8576471928026421,0.5622964169381107,0.8630497919099375,0.040085452596040703,0.0,0.0604735494880546,0.6913251729643428,0.30621646314001527,0.3560616500858527
82,0.0,0.8303154538207494,0.7546824104234527,0.9037995149555376,0.11455898203027103,0.0,0.0859641638225256,0.7775412453432677,0.16434187330305103,0.30255546906135583
135,1.0,0.667463842386972,0.7903094462540717,0.8256534626785234,0.17988663942871866,0.3673469387755102,0.09023037542662117,0.2155401809473124,0.9492362925121923,0.19169928822309049
33,1.0,0.675435599590024,0.6600162866449512,0.6648402646785833,0.15978582176765788,0.1153061224489796,0.2118174061433447,0.045556146886641835,0.473028965552739,0.1862371174338785
178,0.0,0.37250882587404627,0.4462540716612378,0.6151082367735562,0.48441402699379005,8.16326530612245e-05,0.8421501706484641,0.3634912187333688,0.4819463924954641,0.27943296223597025
164,1.0,0.5137228106138253,0.27117263843648215,0.7060091619509566,0.6371802412178522,7.214285714285714e-05,0.07956484641638226,0.10377860564129857,0.415458160153385,0.40001229128101223
34,1.0,0.27115362714952734,0.8656351791530944,0.8924818108326596,0.012044811958860863,0.0010510204081632655,0.2651450511945393,0.006492815327301758,0.7819090757016202,0.2323052111306861
190,0.0,0.5945792051019246,0.9073697068403909,0.7824785173208778,0.7748708421961189,0.0,0.7482935153583617,0.533794571580628,0.17094308545545794,0.2542041768007658
98,1.0,0.6970732262840225,0.8605456026058632,0.9035300458097548,0.13465979969133185,0.0,0.025810580204778156,0.5497605109100586,0.43438034820429017,0.21596525664567218
86,1.0,0.9111718483088487,0.5470276872964169,0.8583191113506393,0.09285009895632534,4.6938775510204086e-05,0.02666382252559727,0.8509845662586482,0.2932649621041525,0.2229489390389708
61,1.0,0.7061838059446532,0.627442996742671,0.8287972693793227,0.24018909241190112,1.2551020408163266e-06,0.20648464163822525,0.3624268227780735,0.4157283852122554,0.28273484727152187
169,1.0,0.8086778271267511,0.4727198697068404,0.6987334950148208,0.41104604253091803,0.0,0.13609215017064846,0.513571048430016,0.4472482081505025,0.2920240760122615
193,1.0,0.5194169229017196,0.8707247557003257,0.8412826731339262,0.0028687886965865998,7.938775510204081e-05,0.07049914675767917,0.2293773283661522,0.5779534955541544,0.4088769121322393
0,0.0,0.19713016740690123,0.11848534201954398,0.20323961795263332,0.8964807890455369,0.9622448979591837,0.08916382252559728,0.1027142096860032,0.4645426119182119,0.0941698357065438
191,0.0,0.7528755267053867,0.5480456026058632,0.7497829276325638,0.2592848691899089,0.0,0.04650170648464163,0.5178286322511975,0.49889336404462575,0.3545848340490832
34,0.0,0.17890900808563948,0.28033387622149836,0.7489745201952154,0.9356773834846055,0.0,0.30140784982935154,0.12187333688131984,0.19368059398041518,0.26167206117333314
20,0.0,0.6093838970504498,0.6142100977198697,0.8136471151830893,0.29245121833065924,0.0,0.19261945392491467,0.5753060138371474,0.23196891125036997,0.408850839717971
110,1.0,0.34403826443457464,0.24877850162866452,0.8109823647414593,0.4381821463733502,0.0,0.32167235494880553,0.23576370409792444,0.4115463307297364,0.23759232428123941
46,1.0,0.5638309987472953,0.7628257328990228,0.8440372466241505,0.004587408606607299,0.009795918367346938,0.46565699658703075,0.6434273549760511,0.6150000643392998,0.2789785573015796
121,0.0,0.866757772463273,0.6294788273615635,0.8417617293930956,0.09676975840023219,0.0,0.03892918088737201,0.9116551357104843,0.6539253406765922,0.3749864982140396
192,1.0,0.9373647648331626,0.5449918566775245,0.7956226234318393,0.16481102618292306,5.76530612244898e-06,0.07135238907849828,0.46141564662054285,0.26714320641334144,0.2966407556530581
134,0.0,0.2540712902858444,0.8788680781758957,1.0,0.07355331400170696,0.0,0.16168941979522183,0.3879723257051624,0.81741150129322,0.32191796128618944
73,1.0,0.5797745131533993,0.595887622149837,0.8711937483158179,0.4381821463733502,0.09571428571428571,0.028263651877133103,0.4369345396487493,0.44692007772187414,0.287420432578599
139,1.0,0.37250882587404627,0.6091205211726384,0.8004431270397317,0.06099030296354395,3.775510204081633e-05,0.09876279863481227,0.44970729111229374,0.7569454274059683,0.27030203029614536
181,0.0,0.44653228561667235,0.1938110749185668,0.6245097158597563,0.975879018806727,0.9255102040816326,0.0955631399317406,0.11442256519425227,0.28018478246882766,0.6573097738031831
55,0.0,0.5797745131533993,0.5775651465798045,0.8550854816012455,0.030537564207036814,0.00023367346938775512,0.07636518771331058,0.34433209153805217,0.18108295909307323,0.3024381431971484
188,0.0,0.6537979728960256,0.883957654723127,0.9204167789454775,0.32662260835446266,0.0,0.048848122866894196,0.8488557743480575,0.20640690746721915,0.3594138176346361
29,1.0,0.7551531716205444,0.6712133550488599,0.8356837031048834,0.1215942682116423,0.0,0.09876279863481227,0.46780202235231505,0.3250871797511356,0.29574870662202074
183,1.0,0.9908894203393691,0.33021172638436486,0.7108296655588491,0.1708412714812413,0.0,0.2491467576791809,0.717935071846727,0.447820827918109,0.3270337414286938
89,0.0,0.21535132672816307,0.739413680781759,0.6716668163717476,0.06601550737880915,5.4693877551020415e-06,0.02527730375426621,0.8797232570516232,0.8018671264781956,0.23885869868855755
86,0.0,0.6150780093383442,0.6610342019543974,0.8491871014102219,0.19295217090840822,0.0,0.08383105802047781,0.4113890367216604,0.44017731911005886,0.30183102840775766
51,1.0,0.6993508711991802,0.5439739413680782,0.8094553729153569,0.15978582176765788,0.0,0.07849829351535836,0.39861628525811593,0.595859122669309,0.1885221783129658
128,0.0,0.7016285161143379,0.9643729641693811,0.9373633941135963,0.0005250333573069084,0.23775510204081635,0.048741467576791805,0.16019159127195315,0.4794435937359258,0.4121787971677909
152,0.0,0.49550165129256346,0.6579804560260586,0.7984071379382617,0.09023699266038744,0.0,0.03434300341296928,0.6742948376796168,0.550474180639018,0.4098192436765084
27,1.0,0.36567589112857307,0.5663680781758957,0.716488517620288,0.1457152494049153,4.255102040816326e-06,0.08703071672354949,0.16551357104843,0.8023432372962053,0.23149510397306347
2,1.0,0.951030634324109,0.5622964169381107,0.8319111350639241,0.02551235979177161,9.908163265306123e-06,0.09023037542662117,0.3102714209686003,0.3639095132088583,0.2605639835669297
17,0.0,0.6446873932353947,0.8147394136807818,0.8484685170214677,0.030537564207036814,1.4081632653061225e-05,0.3771331058020478,0.3805215540180948,0.36354277920039124,0.2671174711248012
158,1.0,0.6173556542535019,0.8106677524429968,0.9314650139225726,0.0497338450733499,0.01806122448979592,0.07743174061433447,0.3890367216604577,0.47364018890018406,0.3843185602067915
12,0.0,0.658353262726341,0.5236156351791531,0.7397526872062038,0.4683333728649414,1.5306122448979593e-06,0.14569112627986347,0.7360298030867483,0.30685985613732586,0.5229493115020318
176,0.0,0.44311581824393576,0.4146986970684039,0.7614299829336207,0.23918405152884809,0.07724489795918368,0.17022184300341298,0.44651410324640767,0.1758714758148573,0.48361721226297383
21,0.0,0.6902402915385493,0.40859120521172637,0.7769693703404295,0.7999968642724449,0.0,0.11796075085324233,0.4656732304417243,0.47903182221764706,0.23011885296275741
140,1.0,0.9863341305090537,0.7943811074918568,0.9076619060450912,0.35677383484605385,0.006408163265306122,0.14889078498293515,0.7594465141032465,0.3318814098027357,0.2177195576628688
36,0.0,0.7631249288235964,0.5439739413680782,0.8337974190844037,0.12460939086080143,6.357142857142857e-05,0.09023037542662117,0.18467269824374666,0.4474219242597764,0.3395000800795581
19,0.0,0.33037239494362824,0.32817589576547235,0.7613701009012246,0.3366730171849931,1.1122448979591835e-06,0.09129692832764506,0.14635444385311336,0.15501267484204706,0.4246432735033503
142,0.0,0.32126181528299735,0.7414495114006514,0.8700260486840923,0.30049154539508355,7.969387755102041e-05,0.9893344709897611,0.28685470995210216,0.516116994582631,0.42136559856676215
189,0.0,0.4704475572258285,0.8809039087947883,0.9065241474295638,0.08119162471291007,0.0,0.3440699658703072,0.5518893028206494,0.6019584882838137,0.3292182372813176
108,0.0,0.5683862885776106,0.41164495114006516,0.6505284589358964,0.36481416191047816,0.0,0.38353242320819114,0.3230441724321447,0.41576055486212093,0.33075092277723356
141,0.0,0.675435599590024,0.7943811074918568,0.8434683673163867,0.2984814636289775,0.0,0.25554607508532423,0.5103778605641299,0.5442847400048898,0.21350700044323104
35,1.0,0.7437649470447557,0.7577361563517915,0.8550255995688494,0.15777574000155178,1.489795918367347e-05,0.09129692832764506,0.46780202235231505,0.4795529705454686,0.26557733636766573
6,0.0,0.6014121398473978,0.6844462540716613,0.7836162759364053,0.002979343193722434,0.025714285714285714,0.2950085324232082,0.5944651410324641,0.4277662681919371,0.44669308671312524
66,0.0,0.7779296207721217,0.6640879478827362,0.8418515524416899,0.09566421342887386,3.5204081632653062e-06,0.2619453924914676,0.3145290047897818,0.6400666555145214,0.3895330430604545
67,1.0,0.5854686254412937,0.595887622149837,0.6604688763136621,0.33064277188667485,2.13265306122449e-05,0.22994880546075083,0.7104843001596594,0.7685007656376669,0.30457608116715024
24,1.0,0.7392096572144403,0.5622964169381107,0.769484116290907,0.310541954225614,1.5510204081632654e-06,0.07636518771331058,0.6828100053219799,0.35032748703563116,0.25105127698960455
183,0.0,0.8473977906844323,0.45846905537459287,0.7841252732117728,0.22611852004915856,0.00022244897959183675,0.023250853242320818,0.902075572112826,0.5376063206928057,0.4176912504702346
44,1.0,0.959002391527161,0.5938517915309446,0.8690679361657535,0.03204512553161638,0.0012448979591836735,0.10089590443686006,0.5125066524747206,0.46731563573662066,0.37257293757891563
41,0.0,0.8246213415328552,0.9562296416938111,0.7527171472199766,0.12460939086080143,7.86734693877551e-05,0.11156143344709897,0.3102714209686003,0.2866122785119607,0.4180395034322471
131,1.0,0.8018448923812779,0.5531351791530945,0.7787957723285129,0.2080277841542038,0.0,0.11049488054607508,0.3368813198509846,0.31266969490304075,0.23933172677599698
94,1.0,0.8325930987359071,0.4727198697068404,0.7522081499446092,0.1416950858727031,1.7653061224489798e-05,0.03786262798634812,0.21447578499201705,0.3063194060195849,0.33340472208668703
113,1.0,0.9487529894089513,0.5337947882736156,0.8229587712206953,0.2984814636289775,0.0,0.33767064846416384,0.5061202767429485,0.5120443169096548,0.21369136965841412
168,1.0,0.7688190411114908,0.6427117263843648,0.8282583310877573,0.020487155376506406,0.0,0.03988907849829351,0.20596061734965407,0.8334319869262542,0.18102822152613016
78,0.0,0.5478874843411913,0.7292345276872964,0.7065481002425222,0.0038637791708091103,0.07755102040816327,0.698165529010239,0.8062799361362427,0.5249314786457865,0.5067341321424448
115,0.0,0.7938731351782258,0.9623371335504886,0.9008353543519267,0.5306459076142299,0.05714285714285715,0.19155290102389078,0.41990420436402337,0.1741536165120379,0.16730482004447209
74,0.0,0.2506548229131078,0.0008143322475570037,0.1397946046288811,0.9919596729355756,0.8755102040816326,0.0692192832764505,0.05204896221394359,0.5627565529576777,0.8283187389890607
40,1.0,0.6822685343354972,0.7760586319218241,0.8473606994221384,0.03817587491823993,0.0,0.09023037542662117,0.36668440659925494,0.2797858788104951,0.28274229653274136
18,1.0,0.6765744220476029,0.8055781758957655,0.9510464385161232,0.00011598171790432092,1.3571428571428572e-06,0.11049488054607508,0.3688131985098457,0.3382059629662991,0.27241762048248863
85,0.0,0.6287438788292906,0.9379071661237786,0.8760741339561064,0.10551361408279365,2.418367346938776e-06,0.31953924914675774,0.5178286322511975,0.3706844414705391,0.2646834250213235
79,1.0,0.684546179250655,0.6366042345276873,0.7725680409593102,0.5175803761345404,0.00041938775510204086,0.1531569965870307,0.2442788717402874,0.45377864707320525,0.21260750215097418
49,0.0,0.6378544584899215,0.5500814332247558,0.7377466391209317,0.3748645707410086,5.8673469387755104e-05,0.07956484641638226,0.5167642362959021,0.6011285113172828,0.447810475896053
51,0.0,0.46816991231067073,0.21315146579804561,0.47603221653342914,0.9889445502864166,0.9520408163265307,0.08703071672354949,0.6168174560936669,0.43378199271679135,0.0624508814338338
71,1.0,0.8644801275481152,0.5103827361563518,0.8399952094374082,0.4944644358243205,0.0,0.09769624573378838,0.6444917509313465,0.19349401001119504,0.16752084861983813
13,1.0,0.6150780093383442,0.5063110749185669,0.8155333992035689,0.2984814636289775,0.0,0.37926621160409557,0.7722192655667909,0.8259943638773438,0.19338654588931142
138,0.0,0.7335155449265459,0.43302117263843654,0.821850953621366,0.46431320933272924,0.011938775510204083,0.08383105802047781,0.3613624268227781,0.27400820969464573,0.3643787502374452
15,0.0,0.4704475572258285,0.34446254071661236,0.5692385999580826,0.11254890026416495,0.0019693877551020408,0.24594709897610922,0.25598722724853645,0.15940704901367853,0.3990438873224748
185,0.0,0.550165129256349,0.631514657980456,0.8139764663612683,0.00042151414635244536,0.002857142857142857,0.04074232081911263,0.1868014901543374,0.415400254783627,0.4036624292785763
42,0.0,0.5706639334927684,0.5724755700325732,0.7437348423605498,0.1406900449896501,1.2755102040816329e-06,0.22781569965870305,0.20383182543906334,0.4349336661819774,0.5593259163522457
30,0.0,0.42717230383783167,0.935871335504886,0.8969729632623732,0.003924081623792292,1.0714285714285714e-06,0.8837457337883959,0.28579031399680677,0.5952800689717294,0.5305233478469773
162,1.0,0.8360095661086437,0.675285016286645,0.8523309081110213,0.29546634097981833,1.2040816326530612e-06,0.09236348122866896,0.27621075039914844,0.3186789854979219,0.3946357869958247
105,1.0,0.575219223323084,0.7210912052117263,0.7764603730650618,0.011642795605639647,6.112244897959184e-06,0.06879266211604096,0.7658328898350186,0.44737045281999155,0.33617212262973817
163,1.0,0.6150780093383442,0.8055781758957655,0.8149645198958053,0.40200067458344074,0.0,0.0526877133105802,0.6838744012772752,0.408856948000978,0.3910228953043582
84,1.0,0.6788520669627606,0.8381514657980456,0.8617024461810234,0.237173969762742,0.0,0.0692192832764505,0.35178286322511976,0.4855558272103767,0.17429408938368537
191,1.0,0.8029837148388567,0.6528908794788274,0.7190035629809276,0.007592480846935892,0.000610204081632653,0.08169795221843004,0.9467802022352316,0.5960585744984753,0.30543460852269977
197,0.0,0.26204304748889645,0.9776058631921823,0.922243180933561,0.0004426200048965592,0.0,0.2715443686006826,0.3230441724321447,0.8627835754635647,0.4195293556761508
120,1.0,0.6412709258626581,0.6498371335504886,0.7430761400041918,0.009140243806837575,2.5408163265306122e-05,0.07849829351535836,0.33794571580627997,0.36928827866637504,0.2122406260359129
57,0.0,0.6025509623049766,0.7017508143322475,0.7775382496481931,0.020487155376506406,0.4530612244897959,0.9413395904436861,0.3304949441192123,0.3892591973028966,0.42613312574725404
190,1.0,0.7175720305204418,0.7465390879478827,0.8350250007485255,0.043804103863336954,0.01173469387755102,0.09876279863481227,0.8414050026609898,0.524899308995921,0.17220270929630555
10,0.0,0.8360095661086437,0.9063517915309447,0.8285278002335399,0.09073951310191396,0.0,0.08276450511945393,0.7221926556679085,0.28039710215794017,0.39509577887612995
175,0.0,0.29165243138594693,0.08102605863192183,0.3991736279529327,0.6502457726975418,0.0009285714285714286,0.18088737201365188,0.1974454497072911,0.5608714114755575,0.3453831341276729
112,1.0,0.516000455528983,0.5572068403908795,0.7619389802089883,0.3155671586408792,0.0,0.5915102389078498,0.28472591804151137,0.44755060285923853,0.4830976262929124
151,1.0,0.766541396196333,0.4839169381107492,0.7293631545854666,0.48742914964294914,0.00020918367346938775,0.12436006825938564,0.42841937200638636,0.28036493250807465,0.3550559998212177
159,1.0,0.4943628288349846,0.883957654723127,0.789844007305608,0.00024261686916900407,0.000613265306122449,0.3110068259385666,0.5806279936136243,0.6409674057107563,0.25842604559692794
154,1.0,0.566108643662453,0.8595276872964169,0.827569687715201,0.0004184990237032862,0.0007357142857142857,0.1531569965870307,0.5657264502394891,0.7697682498423688,0.2915529102401269
16,1.0,0.7950119576358047,0.7180374592833876,0.8626006766669662,0.35174863043078863,0.0,0.1296928327645051,0.8605641298563066,0.5211032903117884,0.24022377580703433
70,0.0,0.7859013779751737,0.6457654723127035,0.8662534806431331,0.0005953862191206214,0.0,0.11262798634812286,0.10697179350718468,0.575862468312895,0.17513026895557632
75,1.0,0.741487302129598,0.5175081433224755,0.793826162459954,0.4411972690225093,0.0,0.11262798634812286,0.530601383714742,0.47439939263701064,0.22454494325525265
111,1.0,0.5535815966290856,0.6620521172638437,0.8643372556064554,0.30149658627813664,0.0,0.07743174061433447,0.6764236295902076,0.7599951102132205,0.2683857078474242
127,0.0,0.7016285161143379,0.3536237785016287,0.7299919159256265,0.7919565372080206,0.0,0.09449658703071674,0.28472591804151137,0.23012880727806162,0.3618106174320162
7,0.0,0.6617697300990776,0.6691775244299675,0.6439414353723165,0.4743636181632596,0.002081632653061225,0.3483361774744027,1.0,0.49253664123119684,0.3473944346569429
80,0.0,0.6594920851839199,0.3526058631921824,0.7434354321985689,0.5447164799769726,0.0,0.130759385665529,0.22192655667908462,0.510603116595679,0.42764905040542606
54,0.0,0.46816991231067073,0.6498371335504886,0.8543668972124915,0.5025047628887448,0.0,0.07849829351535836,0.15380521554018092,0.6147813107202142,0.3603077289809783
141,1.0,0.3132900580799453,0.9470684039087948,0.7186442707865506,2.291493213360933e-05,0.6459183673469387,0.02421075085324232,0.39861628525811593,0.8311929792956135,0.2104937742799358
39,0.0,0.5934403826443457,0.8941368078175896,0.8713434533968084,0.00032804534422851256,3.693877551020408e-05,0.09449658703071674,0.8243746673762641,0.6083023432372963,0.370075572755072
120,0.0,0.692517936453707,0.3485342019543974,0.5474415401658733,0.8180876001673996,0.0,0.06612627986348123,0.7924427887174029,0.21944848352270538,0.05831467914169612
50,0.0,0.8155107618722242,0.9175488599348535,0.8231084763016856,0.1899370482592491,0.0,0.7898890784982936,0.6051091005854178,0.43438034820429017,0.38454203804337705
109,0.0,0.7494590593326501,0.8330618892508143,0.8929009850594329,0.021793708524475357,0.0,0.2715443686006826,0.8871740287386908,0.48645014347663845,0.38836537136429494
19,1.0,0.7494590593326501,0.7862377850162867,0.8831402137788557,0.23817901064579503,0.0,0.4325938566552901,0.5561468866418309,0.17097525510532344,0.25950805078906297
28,0.0,0.4806969593440382,0.03165716612377851,0.11132069822449774,0.829143049880983,0.0,0.7152303754266212,0.6913251729643428,0.42495464079368966,0.0
113,0.0,0.34631590934973233,0.07003257328990228,0.268151741070092,0.9216068111218628,1.7857142857142855e-05,0.18622013651877134,0.5359233634912188,0.28449551555080876,0.2681845777944972
3,1.0,0.4214781915499374,0.3118892508143323,0.7384053414772898,0.8954757481624838,4.8775510204081635e-06,0.12009385665529008,0.25066524747205965,0.7687066513968062,0.3713866427297073
77,0.0,0.6321603462020271,0.23452768729641696,0.533009970358394,0.8844202984489004,0.653061224489796,0.11156143344709897,0.5167642362959021,0.5533565812669696,0.17151365263350007
127,1.0,0.6947955813688647,0.42487785016286644,0.7728674511212911,0.37787969339016775,0.00035102040816326535,0.3483361774744027,0.320915380521554,0.3074453437648785,0.4382009289228741
77,1.0,0.8462589682268534,0.8574918566775244,0.8731997964010899,0.138679963223544,0.0,0.059833617747440275,0.7445449707291112,0.4668974302883688,0.19465478261193447
186,1.0,0.7790684432297006,0.33733713355048867,0.75580107188838,0.07335230582509635,0.0,0.1755546075085324,0.4156466205428419,0.5053465958076513,0.16260433621495587
102,0.0,0.6298827012868694,0.4126628664495114,0.7758914937572982,0.6512508135805949,1.336734693877551e-05,0.19688566552901024,0.47525279403938264,0.45724010139873644,0.323085632982349
179,0.0,0.7312379000113882,0.4788273615635179,0.8534686667265488,0.1738563941304004,0.0,0.22674914675767915,0.03139968068121341,0.5762420701813082,0.30188876018220895
146,0.0,0.6014121398473978,0.6416938110749185,0.5555555555555556,0.7417044930553685,0.0,0.7898890784982936,0.31772219265566787,0.14467334937526544,0.44453280095946485
184,1.0,0.7278214326386516,0.5470276872964169,0.7613102188688283,0.653260895346701,1.6224489795918368e-06,0.11156143344709897,0.5433741351782864,0.215909822037497,0.23458840969446856
156,0.0,0.5638309987472953,0.9704804560260586,0.8949968561932993,0.6874322853705044,0.0,0.98080204778157,0.5465673230441725,0.4876597223115824,0.36755772246287477
80,1.0,0.7972896025509624,0.879885993485342,0.8954759124524686,0.37687465250711466,0.0,0.32700511945392496,0.7807344332091538,0.4088955515808166,0.2610537724921131
60,0.0,0.7198496754355996,0.5734934853420195,0.6832539896404084,0.1899370482592491,0.0005775510204081633,0.32700511945392496,0.61149547631719,0.39501113069885346,0.300341176163854
11,1.0,0.5934403826443457,0.7668973941368078,0.8514027366088804,0.03847738718315584,0.0,0.07956484641638226,0.4741883980840873,0.7687967264164297,0.2007054450374884
99,0.0,0.7061838059446532,0.5042752442996743,0.7363693523758197,0.5648172976380333,0.16428571428571428,0.07743174061433447,0.7817988291644492,0.6664586362642029,0.3171765065199659
87,1.0,0.8815624644117982,0.6549267100977199,0.7034042935417228,0.2683302371373863,1.336734693877551e-06,0.07743174061433447,0.4401277275146354,0.5125525973775302,0.25445558936692453
68,0.0,0.5433321945108758,0.8829397394136808,0.8003233629749393,0.010537250634281303,1.948979591836735e-05,0.346203071672355,0.7817988291644492,0.4478465636380014,0.36472700319945767
36,1.0,0.5968568500170823,0.6121742671009772,0.817180155094464,0.8391934587115134,0.0,0.4613907849829352,0.6966471527408197,0.8312122810855328,0.24952417843960326
182,0.0,0.7779296207721217,0.7445032573289903,0.6881942573130931,0.36883432544269035,0.0009255102040816327,0.09982935153583616,0.7722192655667909,0.37095466652940956,0.4734117243922334
58,1.0,0.33378886231636484,0.7943811074918568,0.7579867660708405,0.1607908626507109,3.9999999999999996e-05,0.04159556313993174,0.44225651942522615,0.8310643006961512,0.21472309233731746
41,1.0,0.8963671563603235,0.5388843648208469,0.7937063983951615,0.08159364106613128,2.7142857142857144e-06,0.07743174061433447,0.5721128259712612,0.31913579452601243,0.2807738292554836
72,0.0,0.8861177542421137,0.3505700325732899,0.7077457408904458,0.4562728822683049,0.08938775510204082,0.13609215017064846,0.23363491218733368,0.5117676579208114,0.38013580003203185
50,1.0,0.6139391868807653,0.6936074918566775,0.9270337435252554,0.015763463226157112,0.0,0.06186006825938567,0.4486428951569984,0.4279978896709689,0.3718782939701955
11,0.0,0.516000455528983,0.7485749185667753,0.8365220515584298,0.0302360519421209,0.003602040816326531,0.4859215017064846,0.5572112825971262,0.20922496879543967,0.4381767188239106
118,0.0,0.5991344949322401,0.9083876221498371,0.8151142249767958,0.5417013573278134,4.102040816326531e-05,0.4208617747440273,0.9882916444917509,0.19677531429747921,0.2837442221667666
117,0.0,0.6184944767110808,0.7831840390879479,0.948651157220276,0.08119162471291007,0.0,0.10622866894197952,0.19105907397551888,0.47988110097409703,0.3116882633164856
131,0.0,0.8815624644117982,0.8228827361563518,0.790532650678164,0.20300257973893862,1.5306122448979593e-06,0.5637798634812288,0.738158594997339,0.3377362860782624,0.3176979548053322
125,1.0,0.4214781915499374,0.029926710097719873,0.5099853289020629,0.9859294276372574,0.4744897959183674,0.08809726962457338,0.23044172432144758,0.5502811627398249,0.2974396889188515
24,0.0,0.8701742398360096,0.5388843648208469,0.6351687176262762,0.42009141047839543,1.0040816326530613e-05,0.1659556313993174,0.7764768493879723,0.2333329044046685,0.4720950674716835
62,1.0,0.684546179250655,0.6742671009771988,0.8077786760082638,0.1487303720540744,5.3979591836734696e-05,0.2939419795221843,0.4912187333688132,0.46019327525639214,0.37932755518971406
103,0.0,0.8223436966176974,0.14291530944625408,0.4110302703673763,0.4261216557767137,0.0,0.2640784982935154,0.45290047897817987,0.0,0.25321156274326495
132,1.0,0.7688190411114908,0.6508550488599348,0.6618761040749723,0.04531166518791652,0.0077346938775510205,0.08809726962457338,0.37626397019691327,0.6022801847824689,0.21994502445219996
189,1.0,0.6765744220476029,0.6091205211726384,0.8207131950058385,0.30551674981034876,0.0,0.0684726962457338,0.17189994678020223,0.5121665615791438,0.3287470715091831
23,1.0,0.8804236419542194,0.7017508143322475,0.908919428725411,0.09385513983937838,0.0,0.11902730375426622,0.922299095263438,0.28022338604866626,0.3576651035633541
43,1.0,0.692517936453707,0.6019951140065146,0.8293062666546902,0.08229716968426841,0.0,0.056420648464163815,0.6966471527408197,0.7050107446630552,0.17825337172185948
0,1.0,0.6367156360323426,0.5460097719869708,0.6226833138716729,0.7236137571604138,0.003204081632653061,0.034129692832764506,0.17509313464608836,0.3727690347818255,0.49332546194731136
3,0.0,0.5205557453592985,0.9073697068403909,0.8553549507470284,0.3457183851324704,4.724489795918368e-05,0.041062286689419795,0.7200638637573177,0.8462355075727356,0.2923946767579325
177,0.0,0.6811297118779184,0.6284609120521173,0.8561034761519807,0.008245757420920369,0.0,0.12436006825938564,0.6263970196913252,0.523998558799686,0.4648692840887505
99,1.0,0.7722355084842274,0.7638436482084691,0.8173598011916524,0.12259930909469535,6.693877551020408e-06,0.07465870307167237,0.35071846726982436,0.4220915419556574,0.27172297687376856
187,0.0,0.407812322058991,0.627442996742671,0.8267612802778526,0.012044811958860863,0.0,0.5669795221843005,0.14635444385311336,0.5895152677158262,0.6848217578021699
180,1.0,0.866757772463273,0.5531351791530945,0.7162489894907034,0.16179590353376394,6.244897959183673e-05,0.1318259385665529,0.386907929749867,0.5764093523606091,0.2499115400230182
58,0.0,1.0,0.4625407166123779,0.7474475283691129,0.04350259159842104,0.0,0.08169795221843004,0.16019159127195315,0.4473189813802067,0.2979071300603763
95,1.0,0.8041225372964356,0.5348127035830619,0.7824785173208778,0.6180844644398444,0.0,0.08276450511945393,0.5018626929217669,0.8083525278910865,0.21342505856981633
169,0.0,0.19257487757658578,0.4157166123778502,0.762807269678733,0.7316540842248381,0.0,0.011732081911262794,0.08249068653539117,0.21291161067002948,0.36572706651817805
96,1.0,0.5729415784079263,0.7129478827361563,0.8279289799095781,0.01144178742902904,0.0,0.31953924914675774,0.4656732304417243,0.35109312470243076,0.3578699582468909
151,0.0,0.5114451656986676,0.9674267100977199,0.785532500973083,0.801001905155498,0.0,0.9104095563139932,0.061522086216072386,0.31711554051445706,0.23991276915111945
171,1.0,0.7608472839084387,0.6406758957654723,0.7980179047276865,0.655270977112807,0.13877551020408163,0.12116040955631398,0.5274081958488558,0.26722684750299186,0.2540943001977779
69,1.0,0.8041225372964356,0.6019951140065146,0.7532860265277405,0.22310339739999943,4.295918367346939e-06,0.11369453924914676,0.5763704097924428,0.5892386087269827,0.24035972482429055
107,0.0,0.5809133356109782,0.6019951140065146,0.7690350010479357,0.00015718839410949558,9.051020408163264e-06,0.4069965870307167,0.19531665779670038,0.1778466923166008,0.16498809980520182
48,1.0,0.5774968682382416,0.4472719869706841,0.7606215754962724,0.3587839166121599,0.0,0.08809726962457338,0.8488557743480575,1.0,0.33910154460431385
9,0.0,0.2449607106252135,0.6712133550488599,0.8626904997155604,0.23114372446442377,0.8224489795918368,0.09449658703071674,0.16444917509313464,0.5561103032954591,0.4669550772302157
81,0.0,0.40553467714383323,0.9043159609120521,0.8457139435312435,0.3668242436765843,2.7346938775510205e-05,0.7322952218430034,0.6455561468866419,0.26527093279116754,0.4574460952835003
29,0.0,0.3360665072315226,0.7455211726384364,0.6660977873589029,0.8160775184012936,1.5816326530612247e-05,0.7909556313993175,0.18254390633315593,0.09193442538571411,0.15206176927403225
150,1.0,0.9851953080514749,0.4513436482084691,0.7907721788077487,0.019482114493453363,0.0,0.057593856655290106,0.34539648749334756,0.5316742372576018,0.28587843550615866
145,1.0,0.6651861974718142,0.7506107491856677,0.8392466840324561,0.0016024371839397685,4.551020408163265e-05,0.12009385665529008,0.034273549760510905,0.3189234748368999,0.2891132771907346
182,1.0,0.7175720305204418,0.7271986970684039,0.7946345698973024,0.04480914474639,2.1020408163265307e-05,0.24488054607508533,0.24960085151676425,0.524603348217158,0.2769132496284681
133,1.0,0.7654025737387542,0.5246335504885994,0.728464924099524,0.017773544992263194,0.0,0.15529010238907848,0.21766897285790313,0.5568695070322855,0.25633839014015786
157,0.0,0.5376380822229815,0.6925895765472312,0.758166412168029,0.9115564022913324,0.0013571428571428571,0.6853668941979523,0.6359765832889835,0.5095801217299553,0.21695787070317302
198,0.0,0.44425464070151466,0.7933631921824105,0.8641875505254648,0.00010995147260600268,0.0025,0.19581911262798635,0.6263970196913252,0.5710498886930117,0.3882908787520998
64,0.0,0.7004896936567591,0.8778501628664495,0.8853857899937124,0.0009159942608145413,0.0012755102040816328,0.13822525597269625,0.602980308674827,0.7048241606938351,0.260668273224003
5,0.0,0.3121512356223664,0.5358306188925082,0.7696338213718974,0.07305079356018043,0.00012959183673469387,0.20968430034129693,0.447578499201703,0.2087231222575374,0.3330676430165038
85,1.0,0.5057510534107733,0.7322882736156352,0.8379292793197402,0.001451681051481812,9.734693877551021e-05,0.0653796928327645,0.320915380521554,0.7757260689974651,0.3091555145018493
123,1.0,0.8587860152602209,0.7668973941368078,0.89059552681218,0.0892319517773344,0.003,0.09449658703071674,0.9031399680681214,0.3703434431819645,0.25810386504918376
145,0.0,0.490946361462248,0.8615635179153094,0.8327195425012726,0.14772533117102135,0.0,0.27261092150170646,0.7679616817456094,0.3939817019031565,0.3528435692390207
166,0.0,0.4784193144288805,0.71192996742671,0.9217341836581935,0.008004547608987639,0.0,0.10516211604095563,0.4305481639169771,0.40034485864655855,0.380271749049288
92,1.0,0.6526591504384467,0.8106677524429968,0.8570017066379233,0.054658545400309795,0.0,0.056420648464163815,0.43587014369345395,0.44879235134404805,0.2718347157920613
83,1.0,0.5569980640018222,0.8900651465798046,0.8804155813048294,0.04340208751011574,0.0,0.3248720136518772,0.6923895689196382,0.7823144132899258,0.29715103004659515
69,0.0,0.3360665072315226,0.8992263843648208,0.8754154315997484,1.768871954173352e-05,0.17448979591836736,0.25447952218430037,0.2953698775944651,0.20503648038294758,0.39710707940539997
121,1.0,0.800706069923699,0.46763029315960913,0.778167010988353,0.015361446872935898,0.00019693877551020409,0.0604735494880546,0.3901011176157531,0.2866830517416649,0.23957941471154598
93,0.0,0.8189272292449608,0.4197882736156352,0.6941525195365131,0.6492407318144888,0.008306122448979592,0.0693259385665529,0.23044172432144758,0.1644834197624593,0.3450609535799287
57,1.0,0.834870743651065,0.6406758957654723,0.874247731968023,0.5859231561821472,0.00033775510204081636,0.4357935153583618,0.8339542309739223,0.576711747069345,0.11693850262400227
123,0.0,0.8508142580571689,0.42487785016286644,0.7885565436090902,0.9537681193795601,0.006469387755102041,0.20115187713310578,0.5816923895689197,0.38240706188153856,0.4105399596994968
59,0.0,0.6196332991686596,0.631514657980456,0.8911943471361418,0.053553000428951454,0.004285714285714286,0.15635665529010237,0.010537519957424161,0.6372807638361664,0.2710897896701095
155,0.0,0.9180047830543219,0.883957654723127,0.8708643971376389,0.5095400490701161,0.0,0.22888225255972694,0.8829164449175093,0.3509966157528342,0.3242253699489353
42,1.0,0.9043389135633755,0.40859120521172637,0.8393664480972485,0.4602930458005171,0.0008877551020408164,0.10196245733788395,0.6615220862160724,0.31883339981727643,0.11765176938577117
107,1.0,0.27229244960710625,0.8880293159609121,0.9010748824815115,0.06762357279169401,0.0011326530612244898,0.06026023890784983,0.2974986695050558,0.7016264974972013,0.2999947855171463
168,0.0,0.7426261245871769,0.7648615635179153,0.8730800323362976,0.22712356093221162,7.244897959183674e-06,0.09449658703071674,0.5944651410324641,0.44780796005816276,0.3584323774689645
75,0.0,0.8861177542421137,0.46355863192182417,0.7885565436090902,0.24018909241190112,0.0,0.09343003412969285,0.3805215540180948,0.1740120700526296,0.2899811161228085
153,0.0,0.7039061610294954,0.7129478827361563,0.7026258271205725,0.7919565372080206,2.6938775510204084e-05,0.042555460750853244,0.9606173496540714,0.6552314284611326,0.24526506333734352
38,1.0,0.7676802186539119,0.5378664495114006,0.8680798826312165,0.09295060304463064,3.877551020408164e-06,0.04799488054607509,0.41671101649813724,0.9365421486752539,0.27181423032370766
53,1.0,0.825760163990434,0.803542345276873,0.8263720470672775,0.035562768622302024,7.39795918367347e-05,0.0672994880546075,0.959552953698776,0.42203363658589943,0.3141744542484999
147,0.0,0.6424097483202369,0.8971905537459284,0.8595167519985628,0.011140275164113127,1.1122448979591838e-05,0.6875000000000001,0.6881319850984567,0.4302304633716367,0.2947281578349467
130,1.0,0.8109554720419088,0.6091205211726384,0.7257402916254979,0.16983623059818828,4.346938775510204e-06,0.03487627986348123,0.8712080894092602,0.31896207841673857,0.3187650614750282
92,0.0,0.5729415784079263,0.927728013029316,0.8954459714362706,0.0597842539038803,0.0,0.4112627986348123,0.5007982969664716,0.325955760297505,0.2993466997910482
28,1.0,0.5342216148502449,0.5063110749185669,0.8344561214407618,0.730649043341785,0.0,0.15529010238907848,0.20702501330494943,0.3276221481605395,0.26758863689693574
185,1.0,0.9054777360209544,0.6905537459283387,0.8333782448576306,0.012044811958860863,5.489795918367347e-06,0.017384812286689415,0.7967003725385844,0.3382703022660302,0.1991504117579139
165,1.0,0.800706069923699,0.7821661237785017,0.8590676367555915,0.17687151677955953,0.0,0.09769624573378838,0.5018626929217669,0.8196955464336727,0.36986140649501087
153,1.0,0.6492426830657101,0.7424674267100977,0.8933501003024044,0.011542291517334343,0.006918367346938775,0.14782423208191126,0.8009579563597659,0.4274831752731204,0.3394740076652898
46,0.0,0.45564286527730324,0.8951547231270358,0.8757148417617294,0.0007863439869006991,1.2551020408163267e-05,0.1787542662116041,0.6338477913783928,0.6726352090383849,0.42715181221902315
4,0.0,0.282541851725316,0.5724755700325732,0.8463427048714034,0.10752369584889973,0.0,0.06079351535836178,0.04683342203299627,0.6795323819695547,0.5054193375371997
31,1.0,0.7813460881448583,0.6986970684039088,0.8246654091439864,0.18290176207787778,0.0,0.3248720136518772,0.982969664715274,0.28668948567163793,0.3203871381055784
32,1.0,0.7790684432297006,0.7658794788273615,0.8770621874906435,0.0302360519421209,2.2755102040816326e-05,0.06580631399317406,0.4592868547099521,0.4343932160642364,0.24356290714868353
129,1.0,0.6913791139961281,0.6976791530944625,0.8305338483188119,0.3226024448222505,0.0,0.41766211604095566,0.4592868547099521,0.25473858942519273,0.30550910113489493
187,1.0,0.7824849106024372,0.6019951140065146,0.7608611036258571,0.028024961999404213,0.0,0.11796075085324233,0.5976583288983501,0.6367917851582104,0.27332456803596505
172,0.0,0.3531488440952055,0.0,0.0,1.0,0.9102040816326531,0.07849829351535836,0.358169238956892,0.7637718271074337,0.06319953218639542
90,0.0,0.2301560186766883,0.3139250814332248,0.7359202371328483,0.7758758830791719,2.857142857142857e-05,0.7664249146757679,0.11016498137307079,0.4799840438536668,0.7825616519481681
162,0.0,0.6071062521352921,0.6518729641693811,0.7168777508308632,0.3748645707410086,0.0,0.1435580204778157,0.8488557743480575,0.6181848596759874,0.2671174711248012
149,1.0,0.48639107163193257,0.23249185667752442,0.7137339441300637,0.8834152575658473,2.6938775510204086e-06,0.07167235494880547,0.4709952102182012,0.3871874718515564,0.3495063002126764
87,0.0,0.0,0.009466612377850164,0.02170723674361512,0.4552678413852519,0.9224489795918368,0.08276450511945393,0.00276742948376796,0.17598085262440008,0.26870602607986355
170,0.0,0.6401321034050792,0.46763029315960913,0.6982244977394533,0.237173969762742,0.43265306122448977,0.12649317406143343,0.2655667908461948,0.37067800754056596,0.3402431438862051
179,1.0,0.32126181528299735,0.9165309446254072,0.8590077547231953,0.001200420830718552,0.0,0.07583191126279863,0.21660457690260776,0.62792582965527,0.35186399138865404
100,1.0,0.9100330258512699,0.6956433224755699,0.915296865175604,0.3577788757291069,0.0012755102040816328,0.06335324232081911,0.5093134646088345,0.25467425012546163,0.3556333175657304
140,0.0,0.7767907983145428,0.815757328990228,0.8835593880056289,0.28843105479844705,2.5e-05,0.0653796928327645,0.582756785524215,0.37067800754056596,0.222172353556836
137,0.0,0.6207721216262385,0.9531758957654722,0.9013144106110962,0.013250861018524513,0.0,0.36006825938566556,0.4954763171899947,0.37159805952672015,0.29870233869555984
199,1.0,0.9316706525452683,0.45643322475570036,0.7714602233599809,0.42813173754281975,0.0,0.08703071672354949,0.7147418839808408,0.39969503171927484,0.26453071516632337
45,0.0,0.6663250199293931,0.8422231270358306,0.8807449324830086,0.009069890945023862,0.0006010204081632653,0.07529863481228669,0.7998935604044706,0.47964304556509213,0.34675007356145454
117,1.0,0.7027673385719168,0.7842019543973942,0.8717027455911853,0.03626629724043915,0.0,0.050234641638225254,0.697711548696115,0.29967315635736624,0.2969890086150706
67,0.0,0.21990661655847854,0.9165309446254072,0.8554747148118208,0.0012205216483796128,0.0010816326530612244,0.22888225255972694,0.7509313464608834,0.8750466459923051,0.22448162453488676
72,1.0,0.45905933265003984,0.7109120521172638,0.7990957813108177,0.12762451350996057,0.0,0.08169795221843004,0.036721660457690264,0.8046337163666311,0.2853178785993899
135,0.0,0.1982689898644801,0.09100162866449513,0.4051917722087488,0.9919596729355756,0.05785714285714286,0.08063139931740615,0.004257583821181476,0.29994981534620985,0.4484809094058097
25,1.0,0.7118779182325475,0.5388843648208469,0.8451750052396778,0.30049154539508355,0.0,0.3611348122866894,0.4071314529004789,0.4599938234272259,0.2506080459470432
167,1.0,0.7152943856052841,0.7058224755700325,0.7737357405910357,0.22913364269831768,0.0,0.18622013651877134,0.513571048430016,0.1616074530644809,0.26037216509052713
139,0.0,0.675435599590024,0.23249185667752442,0.3613581244947454,0.8170825592843465,0.936734693877551,0.09236348122866896,0.31665779670037253,0.5763257112709587,0.33768618497260533
184,0.0,0.7255437877234939,0.5582247557003258,0.8878708943381539,0.37787969339016775,0.0,0.0848976109215017,0.2666311868014901,0.17726763861902134,0.380921697090691
176,1.0,0.7927343127206469,0.7424674267100977,0.7053205185784006,0.01938161040514806,0.08,0.2139505119453925,0.16019159127195315,0.4347470822127572,0.4888316951166368
186,0.0,0.332650039858786,0.14189739413680783,0.47070271565016913,0.9849243867542044,0.0077346938775510205,0.64910409556314,0.1197445449707291,0.2584702688095943,0.9380966392658008
39,1.0,0.817788406787382,0.863599348534202,0.9340399413156083,0.28240080950012886,0.0,0.01493174061433447,0.8403406067056945,0.5828046787538765,0.3237057839788739
195,1.0,0.5581368864594011,0.9419788273615636,0.840893439923351,0.008497017641683629,0.0,0.14142491467576793,0.36029803086748274,0.40226860370851725,0.342626907476451
116,0.0,0.7323767224689671,0.8727605863192183,0.8166711578190965,0.0020547055813136365,9.418367346938775e-05,0.20968430034129693,0.6476849387972327,0.44743479211972265,0.38908608738728334
89,1.0,0.5569980640018222,0.5582247557003258,0.823228240366478,0.014557414166493466,0.0,0.11689419795221843,0.3251729643427355,0.14193892913669534,0.34777993392505296
70,1.0,0.7881790228903315,0.7027687296416938,0.9095781310817689,0.23616892887968896,0.00016122448979591836,0.10089590443686006,0.7551889302820649,0.38945221520208984,0.32559417169802185
88,1.0,0.3736476483316251,0.9144951140065147,0.9409563160573671,0.7175835118620955,0.0005642857142857143,0.27474402730375425,0.6508781266631187,0.4164361175092971,0.357279604295244
94,0.0,0.8781459970390616,0.8330618892508143,0.9170933261474895,0.2994865045120305,0.0,0.1787542662116041,0.8371474188398084,0.1742372576016883,0.3352744866527862
44,0.0,0.27457009452226394,0.7465390879478827,0.8774214796850205,0.01001462937509372,0.0,0.054927474402730374,0.3230441724321447,0.8276543178104051,0.34908355463846874
79,0.0,0.003188702881220814,0.05944625407166125,0.36165753465672623,0.9628134873270374,0.9785714285714285,0.10196245733788395,0.0,0.1831032131046286,0.435370209659457
13,0.0,0.5547204190866645,0.5307410423452769,0.7703524057606514,0.26531511448822714,4.959183673469388e-06,0.07380546075085326,0.5433741351782864,0.3381673593864605,0.35442281261755865
9,1.0,0.8929506889875869,0.8096498371335505,0.7682265936105872,0.020989675818032922,0.05530612244897959,0.04468856655290102,0.6434273549760511,0.4792634436966789,0.23065892440117253
161,0.0,0.5216945678168774,0.6691775244299675,0.8361627593640528,0.18290176207787778,0.0,0.09769624573378838,0.6700372538584354,0.7701928892205938,0.33312723710625997
197,1.0,0.7175720305204418,0.7241449511400652,0.9090691338064014,0.2220983565169464,0.0,0.2598122866894198,0.7700904736562001,0.2609087282694016,0.19832168144724246
53,0.0,0.5763580457806627,0.7180374592833876,0.8597562801281476,0.3989855519342816,0.0,0.0681527303754266,0.29324108568387436,0.226699522602396,0.3836313658592909
125,0.0,0.6002733173898189,0.1093241042345277,0.5991796161561723,0.9688437326253557,0.001346938775510204,0.08916382252559728,0.30175625332623734,0.33218380451147167,0.35779919026530543
194,1.0,0.6128003644231864,0.6081026058631922,0.8018503548010419,0.10350353231668757,0.002673469387755102,0.0,0.5295369877594466,0.6588022595962065,0.370122130637694
119,1.0,0.7904566678054892,0.7068403908794788,0.8575406449294889,0.03727133812349219,1.979591836734694e-05,0.07028583617747439,0.6806812134113891,0.32533810302008676,0.30260016462867295
47,1.0,0.3132900580799453,0.6121742671009772,0.8196952004551035,0.23315380623052986,0.0,0.1766211604095563,0.2123469930814263,0.8321387670016601,0.22155220256031108
174,1.0,0.8610636601753786,0.5928338762214983,0.8239468247552322,0.6914524489027164,0.0001642857142857143,0.15102389078498293,0.5412453432676957,0.30655102749861673,0.32724790768875495
